97,53,21,2,107,87,17,6,105,98,6,5,118,110,106,6
97,59,16,3,111,87,27,3,119,107,9,1,119,106,107,25
95,58,16,5,110,86,11,3,113,94,17,4,112,110,103,8
93,55,12,3,102,96,23,1,114,98,6,4,113,108,111,8
96,49,8,3,102,82,5,2,115,104,65,9,123,114,73,1
89,47,15,3,109,82,7,2,111,109,40,2,114,109,57,15
87,55,6,4,102,78,8,2,115,110,68,1,111,101,89,3
95,40,28,2,110,76,15,4,110,105,70,4,123,117,108,13
86,48,4,2,106,86,16,8,111,99,66,2,116,114,100,7
92,47,17,3,107,86,24,2,107,105,69,4,122,106,97,10
83,49,9,2,106,95,32,3,115,100,47,4,117,116,95,2
91,51,10,4,108,75,29,6,116,99,24,1,117,102,107,6
97,53,6,6,101,81,14,2,101,88,40,10,119,110,95,5
87,47,14,2,112,94,9,1,116,95,83,6,109,110,93,30
93,54,8,8,114,92,6,2,109,102,66,2,115,113,84,7
80,48,23,3,115,70,16,4,116,97,35,5,110,114,47,4
92,56,10,7,111,91,16,2,116,106,24,1,114,118,106,3
89,49,7,2,106,87,23,3,113,108,47,2,123,110,100,13
89,60,21,9,103,84,12,1,116,94,46,3,114,119,99,2
92,55,7,3,109,89,3,4,110,94,43,2,118,121,109,5
97,73,13,5,99,84,11,3,114,106,48,1,118,109,112,8
72,53,10,6,109,86,14,2,115,93,45,3,118,113,90,3
90,48,10,12,110,92,10,5,109,111,7,7,111,101,88,8
87,63,24,4,112,81,5,2,99,105,31,8,119,117,2,5
92,51,7,1,106,82,5,2,113,105,61,1,115,99,114,21
83,52,11,4,110,88,6,2,111,99,40,2,115,105,97,6
89,58,15,5,112,77,11,4,121,99,37,5,113,109,103,2
91,55,10,3,98,76,23,7,117,111,51,3,114,103,102,5
89,48,6,11,103,89,26,8,113,100,63,4,120,103,98,5
93,65,8,3,106,80,10,5,109,104,40,2,120,103,104,10
97,46,16,3,106,99,4,3,110,96,27,3,98,77,86,8
83,53,8,5,109,79,23,4,118,103,16,3,119,116,106,5
92,62,12,3,99,81,23,4,112,97,72,5,123,115,55,11
91,51,8,5,105,77,19,4,115,105,70,10,120,105,87,1
91,64,12,3,107,91,23,3,113,95,32,4,117,111,95,9
92,55,9,3,102,94,5,4,114,112,81,4,124,116,58,1
85,55,6,2,109,81,25,4,110,89,38,2,117,114,95,19
89,60,12,5,107,79,11,6,109,94,15,2,114,108,79,5
93,49,14,2,103,88,14,3,110,99,61,4,114,111,103,8
97,58,7,4,112,89,21,5,116,105,60,1,118,92,103,4
85,57,11,3,107,78,33,3,122,110,47,5,103,115,87,15
94,58,14,2,108,83,8,4,105,98,28,5,121,114,91,5
97,57,10,8,101,98,33,2,107,93,65,4,119,121,98,29
94,71,6,6,103,72,12,4,117,90,57,5,113,115,81,0
90,51,12,2,109,76,23,4,118,99,31,4,112,116,94,3
88,63,20,2,114,90,5,2,112,107,38,10,114,109,78,8
87,49,29,4,109,92,13,1,110,109,56,1,113,114,109,1
99,52,20,3,114,58,12,5,113,107,13,2,106,107,107,9
87,65,18,9,104,83,8,6,120,98,74,7,116,115,91,1
98,61,13,1,109,86,17,1,108,103,21,3,122,114,103,18
91,71,12,5,108,72,17,7,118,103,57,3,109,121,76,2
98,52,5,3,106,93,14,3,118,100,33,1,121,115,100,7
95,61,16,4,105,87,8,7,112,102,44,4,102,103,70,1
96,44,23,10,112,87,24,3,110,112,24,5,120,116,93,9
92,65,11,5,105,79,10,3,117,88,23,1,107,112,100,6
87,63,7,5,100,85,32,4,119,103,27,2,114,73,71,1
89,40,11,4,114,82,12,3,112,110,35,0,114,111,92,3
87,57,21,2,106,93,13,2,105,99,61,5,112,107,78,2
87,69,4,1,105,90,12,5,110,89,63,2,112,113,102,5
91,56,9,7,111,76,10,3,108,104,43,9,110,111,98,9
96,60,10,7,104,95,8,3,116,107,69,3,120,96,82,1
91,50,11,3,101,93,18,3,121,104,70,3,113,109,105,3
95,43,11,1,112,83,20,4,119,101,50,3,115,111,100,1
94,45,9,3,104,93,26,4,116,105,60,4,105,104,99,2
94,61,17,4,102,94,19,6,120,102,60,2,115,109,86,6
86,58,15,3,113,91,18,5,120,106,58,4,105,109,99,45
87,56,15,1,98,80,32,2,121,108,39,9,115,110,90,8
80,53,7,3,105,91,16,4,115,105,34,3,121,105,91,7
95,45,13,3,106,84,22,2,109,96,66,18,117,104,108,2
81,54,22,2,100,89,19,2,110,109,57,12,116,111,6,5
88,57,11,2,104,95,11,3,117,104,15,1,111,114,101,4
83,49,13,2,107,82,20,3,114,102,49,1,108,112,107,4
94,58,12,3,105,89,24,3,111,112,52,1,118,114,99,14
94,61,7,5,106,84,5,4,110,102,50,9,108,101,87,13
85,55,17,2,108,93,24,3,112,102,67,1,115,112,94,20
92,42,4,4,115,101,13,7,118,104,46,6,110,91,80,5
89,58,14,4,113,86,19,9,111,91,57,5,89,112,98,10
93,55,18,1,111,83,11,5,110,105,73,14,117,106,89,11
98,52,14,2,106,89,21,5,111,108,59,4,116,112,108,22
96,47,13,2,108,86,22,2,116,99,53,11,121,109,93,4
92,63,12,3,107,72,23,2,106,100,46,2,115,102,100,5
94,53,16,7,104,93,12,4,113,104,80,4,120,108,81,7
87,56,19,8,107,91,27,3,111,103,92,4,115,103,1,30
84,60,7,4,102,89,29,1,116,103,51,2,114,110,112,11
94,63,8,4,106,84,31,3,110,89,83,1,118,116,101,3
88,59,20,3,107,86,18,3,100,104,15,2,113,103,88,6
88,49,9,4,106,87,14,4,118,98,31,2,113,95,108,17
82,55,19,2,104,82,16,2,106,104,40,10,117,108,68,7
95,51,11,2,110,88,9,3,113,102,27,2,118,101,87,7
93,52,7,4,102,94,23,3,108,99,80,1,110,100,104,2
92,62,11,2,105,97,13,5,108,110,54,10,114,114,90,10
90,63,12,8,109,91,15,3,117,103,39,4,111,103,108,7
81,57,24,9,86,91,33,3,115,102,46,5,121,112,74,2
91,66,3,1,106,74,28,2,101,116,64,6,116,113,90,14
94,57,11,5,111,93,7,1,110,89,62,8,118,99,99,3
94,37,14,5,109,86,25,10,117,100,70,7,117,118,80,5
85,48,15,6,104,75,20,4,109,98,44,4,120,109,80,17
79,63,3,4,108,93,24,4,107,104,39,5,117,101,81,5
92,56,8,2,109,80,18,2,110,100,36,5,113,110,104,4
94,50,7,5,109,97,28,6,108,105,28,4,113,94,87,15
87,56,21,2,109,92,22,5,108,104,40,7,122,108,103,5
92,47,9,2,102,67,19,5,109,108,59,5,117,117,111,5
93,60,9,7,108,93,12,3,112,102,12,15,112,108,96,6
84,55,22,2,102,78,35,3,112,105,42,4,121,116,26,3
90,61,10,3,107,72,25,2,110,99,62,2,121,100,112,12
89,44,15,3,107,81,17,7,111,106,67,4,120,107,82,25
77,37,3,5,100,87,14,4,116,106,36,2,112,111,87,4
94,53,13,3,111,88,26,1,108,109,17,5,102,110,63,29
97,55,13,5,105,92,24,3,111,101,91,2,108,112,81,3
92,55,9,3,109,69,13,3,116,108,22,5,111,115,80,4
93,59,7,3,105,92,15,5,118,107,25,2,121,104,87,19
95,44,8,2,108,87,26,7,108,108,64,2,115,104,93,10
88,33,16,3,112,72,16,3,117,95,38,2,107,110,100,3
83,51,24,3,105,81,40,5,113,91,74,6,105,70,89,7
93,57,22,4,107,78,25,3,112,101,59,3,101,115,97,3
90,63,36,5,105,87,18,2,114,97,21,2,111,102,97,12
96,44,9,3,106,83,14,2,110,97,18,3,102,116,89,1
89,41,6,4,106,87,14,3,113,111,30,6,126,113,100,5
92,50,7,4,102,96,10,4,110,78,40,5,114,118,92,33
85,40,16,2,103,80,8,3,118,90,28,7,108,116,0,3
94,51,21,6,107,97,20,1,108,112,57,1,107,107,67,11
97,52,8,8,113,94,11,3,114,102,21,4,111,118,91,2
98,62,14,2,112,87,8,1,105,100,63,5,113,113,66,3
81,52,27,5,103,79,12,5,111,102,28,1,119,118,79,24
96,62,8,3,112,93,33,1,113,85,42,7,118,115,94,6
98,52,12,3,107,66,10,7,113,103,33,6,113,116,78,3
89,62,17,4,106,90,20,1,111,102,71,7,105,116,102,1
89,48,4,6,109,86,17,6,119,100,25,2,102,112,107,21
89,64,10,1,104,72,10,2,104,105,35,5,116,41,101,14
100,51,18,2,105,96,20,2,113,107,25,6,107,116,101,1
89,53,5,2,106,75,10,7,109,108,75,6,112,113,107,25
93,60,24,8,101,76,27,2,118,110,33,5,112,105,109,17
83,45,22,3,93,90,28,2,110,95,44,7,113,111,72,9
91,54,13,3,110,80,7,2,108,103,21,3,113,107,93,2
90,54,9,4,113,74,21,4,115,97,32,2,112,97,33,7
85,46,9,3,105,98,11,8,117,97,63,2,111,116,85,3
96,45,6,2,108,69,21,2,113,105,73,1,118,106,96,2
84,51,11,3,103,75,41,4,116,106,34,9,109,107,95,34
85,57,7,10,103,85,25,1,114,87,10,4,107,110,96,1
90,61,5,2,106,72,22,2,115,92,7,2,118,112,93,3
89,45,24,3,108,79,35,6,115,106,76,2,114,111,63,9
92,56,9,1,105,77,4,3,114,108,87,9,93,111,39,6
91,53,9,2,106,94,27,2,113,98,35,2,115,101,83,1
77,56,9,6,109,78,3,2,114,111,54,3,108,73,100,4
87,64,11,2,107,82,32,1,115,105,55,2,109,116,111,2
90,39,18,2,105,88,13,5,113,99,28,4,114,112,101,5
93,52,9,3,108,87,9,2,119,106,36,4,114,108,98,22
90,63,11,3,111,80,13,1,115,112,66,4,120,110,104,19
81,61,15,2,99,75,20,2,112,103,44,3,112,114,102,6
85,57,17,6,111,86,7,3,116,113,11,4,114,109,94,6
80,43,8,4,112,93,26,3,110,102,69,14,111,101,102,1
100,63,8,8,102,80,27,6,110,114,36,1,113,115,53,10
85,63,17,3,104,86,9,2,108,109,23,20,114,113,73,20
90,57,7,3,115,88,30,11,113,96,3,8,119,100,83,21
88,50,6,3,109,90,9,4,111,113,18,3,122,112,91,6
93,58,3,2,107,85,11,1,113,93,62,3,108,106,85,25
85,61,15,2,108,87,21,4,118,109,71,3,114,118,77,2
87,35,11,4,109,87,13,4,117,105,16,3,117,111,101,1
87,50,8,1,109,82,15,4,109,96,43,2,121,106,95,3
91,59,10,3,107,78,27,3,120,104,35,4,119,92,91,28
88,52,9,3,109,79,22,2,120,111,5,7,111,105,76,2
92,44,7,4,106,88,18,2,118,110,68,8,99,115,107,5
86,53,9,7,106,72,13,4,113,106,33,4,107,113,78,5
91,27,17,4,105,91,18,9,111,98,82,3,106,102,99,5
89,48,11,3,109,85,18,3,114,109,37,1,115,115,90,6
97,52,5,5,109,95,23,4,116,103,72,3,120,103,73,4
96,62,9,5,109,86,19,3,116,109,56,2,109,114,82,13
90,56,19,1,106,83,19,2,108,111,18,1,109,110,83,3
89,60,9,3,108,87,20,5,114,102,62,6,116,110,108,33
95,48,20,3,105,83,9,5,112,101,46,3,115,113,108,11
88,40,5,5,97,89,18,7,116,104,70,1,120,81,91,22
80,53,8,3,109,85,25,2,117,96,26,7,119,111,89,28
85,55,12,2,105,82,18,5,105,105,39,2,119,104,81,18
87,60,12,2,112,84,22,4,112,105,32,2,106,84,99,6
86,49,14,2,111,95,14,6,105,101,25,4,118,93,99,1
99,49,10,4,102,86,31,3,116,104,72,5,119,105,64,4
89,50,5,2,97,93,25,3,112,102,54,3,108,117,56,2
82,52,7,5,102,83,15,6,117,100,86,5,109,103,102,5
90,51,12,4,102,73,24,1,118,107,45,3,109,78,102,6
88,37,11,2,107,89,24,4,116,112,28,5,115,97,86,11
92,64,8,5,108,92,14,7,113,100,39,12,117,118,98,12
94,64,10,2,111,85,10,2,113,104,63,15,117,102,91,8
99,57,25,3,110,76,10,5,115,102,44,3,118,108,95,4
84,60,7,5,105,73,5,4,117,104,24,4,116,90,104,11
88,62,13,3,99,86,20,3,113,104,65,2,115,114,76,7
89,59,14,4,109,85,22,2,114,100,54,4,116,112,6,4
85,53,33,4,109,94,7,7,118,98,79,3,75,100,50,2
92,48,21,4,105,83,14,3,116,101,52,4,119,87,89,26
86,66,10,3,102,89,9,3,105,106,47,3,112,110,52,13
95,59,9,3,104,88,8,10,111,105,66,2,115,117,99,4
92,52,12,2,105,90,29,3,113,109,58,2,119,101,108,6
82,35,11,4,116,77,45,2,111,109,92,3,114,116,108,11
94,46,11,3,110,82,14,2,116,97,62,3,116,110,96,3
83,56,15,3,113,79,24,2,116,98,12,2,115,104,103,0
88,51,17,7,108,93,17,4,107,92,51,4,115,111,89,2
92,62,10,4,109,90,13,2,121,93,40,3,120,107,108,4
84,64,7,1,107,76,22,2,102,102,43,4,110,108,84,5
88,30,4,4,103,68,5,2,117,109,72,3,111,111,95,22
94,54,11,3,101,80,23,6,102,105,66,3,114,104,101,1
89,55,16,3,108,89,25,2,112,98,54,4,120,112,58,15
91,52,9,7,110,83,14,9,117,108,61,7,114,111,41,1
95,53,10,6,99,77,30,4,106,110,60,2,116,109,94,4
86,54,13,3,104,69,24,2,116,94,69,3,124,108,85,14
94,57,11,2,111,87,22,3,116,109,34,3,120,97,112,18
85,47,11,2,107,89,12,2,112,98,62,5,116,101,90,1
98,63,14,3,108,101,29,2,116,98,47,4,107,107,99,3
89,51,10,3,106,96,14,7,120,112,94,5,117,110,106,0
87,67,11,3,115,62,7,3,107,112,56,3,107,111,81,26
95,53,13,4,102,97,17,4,114,114,32,2,121,114,98,5
85,62,18,2,112,75,16,2,111,108,57,4,119,105,103,6
90,58,10,5,108,84,25,4,113,106,38,14,120,116,112,3
84,50,7,2,112,91,11,5,116,106,78,3,111,110,100,19
94,49,21,3,104,77,2,1,113,109,63,2,115,114,106,10
88,54,5,1,111,85,23,9,113,99,62,5,116,112,74,25
80,51,18,7,103,86,7,1,103,101,34,2,113,105,86,19
91,54,6,3,105,95,15,5,115,106,76,1,118,109,101,15
94,56,18,2,108,93,15,7,116,101,54,3,109,110,111,32
85,65,21,3,113,72,9,3,111,94,25,1,114,101,95,8
91,58,30,1,109,103,27,4,107,97,43,5,111,115,96,18
79,56,9,5,118,89,7,3,114,101,58,4,110,102,89,6
88,48,15,2,101,86,12,2,111,96,33,1,120,106,98,25
93,54,13,1,101,80,55,6,114,113,42,5,117,116,102,5
87,58,6,5,110,98,12,2,110,109,14,1,115,118,80,4
87,51,3,3,104,82,21,1,116,109,70,2,113,117,69,12
95,56,6,3,111,76,11,2,108,108,46,2,117,106,30,14
93,64,20,2,105,99,12,2,111,103,48,5,116,102,99,9
92,57,10,2,109,74,10,9,115,106,46,9,121,116,105,20
87,62,15,6,110,74,5,2,117,106,33,8,121,112,92,1
84,50,9,5,112,91,16,3,110,99,66,3,119,118,80,38
89,57,11,5,101,90,10,5,118,105,53,3,118,83,70,5
82,59,13,13,97,81,7,3,114,111,64,2,119,112,86,3
92,60,5,2,107,80,3,8,115,83,61,3,119,108,89,6
93,46,14,7,100,76,10,5,113,86,73,5,119,110,107,17
98,56,18,1,103,84,25,2,107,101,46,2,115,113,110,0
87,48,25,1,105,86,12,3,110,105,76,2,121,109,109,3
89,56,14,4,101,92,21,5,109,92,50,4,115,50,95,9
90,59,11,7,103,86,28,11,115,94,53,3,119,105,90,4
92,65,11,4,103,88,18,4,119,91,11,5,114,108,104,6
94,57,6,6,105,92,8,4,109,107,19,6,110,93,57,3
83,46,16,4,106,94,17,4,112,108,83,3,121,111,72,5
88,38,7,3,108,92,18,3,113,113,36,2,100,104,93,3
99,51,14,2,112,83,15,2,105,104,51,6,118,114,75,21
87,56,14,3,106,86,24,4,115,113,43,5,121,107,87,1
98,52,7,1,102,88,14,4,101,107,56,3,113,115,86,1
92,56,10,3,110,89,20,4,112,108,34,2,107,109,84,9
81,48,13,2,106,71,33,2,105,101,75,3,120,110,84,3
85,55,19,5,112,86,39,1,103,98,84,4,111,113,104,29
93,51,7,2,112,74,20,3,114,111,51,3,119,93,93,7
87,55,11,2,105,95,29,3,108,113,62,2,112,111,109,12
92,66,17,4,110,78,16,3,107,106,84,3,113,111,94,10
93,43,16,5,113,74,7,3,109,108,67,3,116,119,86,3
87,61,16,3,105,92,18,3,108,100,10,3,118,107,65,10
91,66,10,3,101,76,27,4,119,103,48,5,99,94,90,3
96,64,20,4,112,72,16,4,115,105,69,2,114,113,106,4
88,57,13,2,106,80,8,4,111,101,21,3,115,108,95,10
83,53,16,6,91,76,14,2,105,97,34,20,116,103,87,7
92,61,4,7,110,95,18,2,106,102,10,6,107,105,105,12
89,40,15,4,104,81,10,5,114,103,56,4,100,113,101,0
92,56,13,2,103,73,29,3,117,100,39,4,117,110,100,7
91,49,13,8,103,95,39,4,111,106,53,4,117,117,108,33
90,51,14,2,101,77,8,2,111,97,43,3,112,107,103,6
89,56,20,5,105,86,6,2,111,106,72,5,114,98,56,8
84,51,19,3,107,88,12,6,113,104,52,2,84,113,88,2
88,59,19,4,111,88,24,3,114,100,58,2,109,109,72,0
91,58,9,6,103,93,7,3,115,110,26,3,113,107,91,5
94,45,4,5,95,80,10,8,110,106,44,1,122,98,110,11
83,66,13,3,107,81,10,3,119,95,73,4,119,108,95,5
87,59,11,4,103,97,36,7,102,92,62,3,111,109,88,4
74,59,22,3,110,97,14,3,110,112,42,3,114,111,99,10
92,61,20,6,112,90,20,3,113,102,34,7,112,95,84,5
90,55,26,7,112,92,21,4,105,106,30,3,117,111,108,7
96,52,4,4,107,89,11,3,113,97,18,3,113,112,85,2
93,60,14,2,107,82,7,2,108,101,64,7,115,110,77,8
101,58,3,3,114,89,23,2,108,99,20,2,115,102,70,1
86,56,12,3,112,87,16,3,113,102,59,1,108,113,82,15
85,57,5,1,99,94,11,2,116,94,7,1,112,110,109,23
91,58,11,5,93,71,15,3,116,109,59,2,111,109,116,5
94,59,9,6,106,80,8,4,109,97,43,3,113,107,87,13
90,53,11,10,101,81,36,4,107,97,72,2,108,111,105,21
80,57,13,1,107,81,16,5,116,108,62,3,117,114,91,2
88,60,12,2,111,86,12,4,113,109,54,7,120,114,93,3
91,41,22,2,106,88,7,2,113,108,19,3,114,107,98,2
87,42,9,1,111,93,29,2,117,106,74,4,109,111,102,5
90,44,11,5,107,73,33,3,121,107,35,2,117,114,105,8
83,66,4,3,108,87,14,3,112,93,31,4,121,112,109,12
90,62,15,2,112,97,15,2,116,104,47,2,119,104,105,9
95,46,15,2,104,79,13,4,115,106,53,7,100,111,87,3
89,59,4,4,112,81,17,3,114,106,36,7,118,110,91,13
90,35,10,2,106,79,15,5,119,111,35,10,105,107,106,3
90,56,5,2,109,91,17,3,117,105,45,7,122,105,104,10
93,57,11,2,104,90,27,3,115,107,45,6,117,114,83,11
92,62,16,2,103,84,17,5,114,105,63,4,118,105,96,3
88,48,12,1,103,90,9,4,103,113,34,2,113,88,66,1
86,59,22,1,103,83,7,4,116,92,44,7,117,115,84,6
92,56,18,2,110,86,27,3,108,102,24,4,122,105,100,5
88,65,7,6,107,79,14,2,112,93,44,7,122,105,98,5
88,48,5,2,107,83,25,6,111,102,46,5,111,108,94,15
96,47,7,11,106,80,11,1,112,102,28,11,121,120,90,7
93,45,18,3,106,74,31,9,107,99,34,3,100,114,103,1
94,41,11,5,103,72,17,4,115,107,50,2,124,110,103,7
99,58,11,4,113,74,20,2,110,85,26,4,119,110,95,9
77,48,8,6,105,87,17,7,110,105,37,6,117,105,88,13
87,51,6,8,108,87,9,4,112,98,37,5,100,121,62,1
86,64,6,4,109,85,14,2,104,115,51,1,112,99,108,1
87,57,6,4,110,91,14,6,109,100,50,2,117,99,113,3
92,67,22,6,109,95,9,1,114,105,52,4,118,110,108,10
88,46,7,3,102,85,30,4,100,101,34,3,114,107,80,14
86,60,5,4,104,95,8,6,116,109,45,6,108,107,102,3
78,51,17,3,110,74,18,3,105,105,62,5,114,112,100,3
87,55,18,4,103,59,23,4,113,111,44,1,113,110,106,8
88,52,26,2,110,69,30,3,100,102,39,3,110,101,99,4
99,61,9,2,98,82,30,6,114,110,20,5,112,110,89,4
82,51,16,3,108,78,19,4,118,100,56,4,118,112,71,44
87,49,14,2,106,88,30,4,114,105,10,3,120,113,89,7
96,50,11,3,107,81,14,3,118,103,40,3,116,113,88,22
86,53,17,7,110,84,11,2,122,104,57,4,116,113,104,3
92,44,10,8,107,83,9,2,113,108,79,6,118,105,93,18
91,44,8,3,91,81,16,1,118,93,40,2,122,70,88,6
90,62,8,5,105,89,20,3,111,103,18,3,111,117,93,12
85,32,13,2,113,85,10,2,113,96,71,3,115,109,89,3
94,59,14,2,96,85,24,2,105,111,45,2,119,105,102,10
80,55,16,1,96,97,11,4,114,82,48,3,123,113,26,4
99,51,3,3,109,91,10,2,109,112,28,4,112,116,110,1
89,65,8,3,104,98,28,6,112,95,58,7,121,94,80,4
85,56,8,3,101,77,13,4,114,106,13,3,36,117,91,7
73,63,8,3,111,89,15,3,112,95,32,4,117,110,106,6
84,46,12,1,95,97,11,5,107,101,35,6,112,102,59,12
97,67,8,4,101,84,10,1,111,99,42,6,82,113,100,12
91,54,14,4,112,77,7,4,114,110,42,3,110,117,74,5
91,64,7,5,107,92,12,5,116,99,11,3,111,112,83,3
86,49,17,5,110,92,11,2,113,106,51,5,113,106,76,7
94,52,13,3,109,71,30,2,112,113,47,2,113,120,81,13
88,68,6,3,104,93,11,4,122,105,28,4,117,95,93,2
91,55,9,3,97,88,17,1,113,103,22,2,114,113,94,8
86,53,15,5,102,95,20,4,107,104,57,14,116,114,91,2
98,60,8,3,103,77,34,2,112,111,86,3,120,112,49,2
91,61,9,6,106,75,27,2,112,88,51,1,120,87,99,8
89,64,6,3,109,86,16,5,87,104,34,2,115,115,89,2
92,57,16,3,111,95,18,3,114,95,70,2,121,116,90,4
92,48,6,3,108,83,10,3,102,94,58,3,117,115,90,3
82,57,22,5,104,91,6,3,111,105,35,3,116,114,64,4
88,52,16,5,106,74,21,2,111,105,52,5,115,107,102,5
92,43,14,3,110,70,20,5,114,103,50,2,119,114,93,10
79,58,10,4,110,83,5,2,111,93,48,4,106,108,94,23
85,52,24,6,110,83,20,5,112,80,60,1,123,116,32,2
96,38,9,4,104,85,7,4,109,96,45,1,116,105,89,8
94,40,20,4,110,86,13,2,114,103,25,3,108,115,83,1
90,50,16,5,105,97,27,2,111,97,82,11,120,109,96,8
98,58,14,6,109,97,11,2,115,102,77,3,113,110,100,20
101,48,12,3,110,82,31,2,118,106,17,2,114,113,91,3
83,53,11,2,109,78,20,2,111,92,48,1,111,107,71,10
84,64,10,7,112,83,16,1,116,95,29,2,114,113,94,6
94,58,5,4,95,88,16,2,118,97,54,2,111,107,60,13
88,71,10,2,113,88,10,1,115,110,33,5,120,87,110,6
92,54,10,4,98,90,2,4,107,108,57,3,121,116,105,3
89,59,15,3,110,101,16,3,114,98,74,13,116,106,109,4
88,57,9,5,103,82,25,4,117,108,14,3,108,119,61,3
85,62,12,3,105,88,14,4,114,87,48,4,120,106,96,2
91,42,8,2,108,79,15,2,107,99,82,7,115,120,97,5
92,57,13,4,103,88,10,2,108,109,85,5,117,106,106,2
96,47,7,5,110,89,25,4,117,100,61,6,114,107,107,1
88,53,6,7,111,88,28,1,112,114,49,4,114,109,96,6
81,38,10,3,107,89,13,2,119,103,60,6,115,104,107,2
95,55,20,2,94,91,17,3,112,112,27,3,111,103,85,10
92,50,22,4,97,87,32,2,102,103,52,4,118,106,44,4
90,63,23,2,98,80,20,2,116,95,29,3,112,112,80,6
93,54,4,5,109,86,31,1,111,107,64,5,96,109,85,3
93,65,13,3,110,85,19,5,116,103,41,2,121,105,89,23
89,52,9,5,103,91,7,3,105,94,33,4,72,113,99,8
93,41,23,3,106,83,22,2,112,103,87,2,114,106,53,3
98,56,15,2,110,85,18,2,118,91,53,1,121,97,94,4
81,53,7,12,101,79,23,2,110,94,78,2,120,108,87,4
91,58,17,7,107,98,7,3,122,102,83,3,108,110,113,27
92,51,8,2,112,91,17,5,114,98,86,3,114,104,92,1
92,52,4,3,110,95,23,2,118,107,65,3,107,111,108,34
90,61,17,1,106,85,7,1,121,103,1,1,107,105,22,1
95,43,10,2,106,88,8,1,115,104,78,3,115,108,19,19
80,49,9,2,108,80,15,2,119,112,81,5,122,109,110,1
93,63,16,3,106,74,9,5,112,97,46,2,115,114,97,2
85,53,14,3,110,80,26,2,113,105,69,2,114,115,92,3
91,53,16,3,106,99,8,3,119,104,55,4,112,111,114,10
97,41,15,2,108,79,8,3,115,93,76,6,116,116,106,1
88,56,7,2,105,81,3,2,119,106,45,4,111,112,102,3
88,60,8,6,110,95,11,5,113,97,45,2,119,108,86,29
94,56,9,4,103,86,21,5,113,99,84,7,115,92,85,9
94,58,17,3,105,73,19,1,116,106,36,4,116,110,94,2
88,61,20,2,109,93,20,2,119,95,68,4,120,107,100,17
82,56,20,2,100,89,29,2,110,102,20,3,116,111,87,2
91,51,11,3,109,88,24,3,120,111,57,1,115,112,57,26
93,55,16,2,107,90,36,3,114,107,68,1,118,95,88,3
93,54,11,2,101,88,11,4,116,102,95,6,116,107,103,7
92,63,11,3,109,81,7,5,110,98,43,3,118,113,103,1
90,57,2,3,103,73,19,3,106,112,28,4,121,116,106,21
94,53,16,4,103,88,8,2,114,103,43,4,115,116,104,5
90,37,35,2,98,83,18,4,118,94,30,3,108,117,86,7
93,56,9,2,108,79,25,3,117,96,72,1,117,105,55,16
82,39,10,4,108,90,5,5,113,111,64,2,120,104,97,32
91,60,7,3,111,88,19,2,107,104,19,4,117,106,90,22
98,39,18,1,113,84,20,1,108,103,45,2,99,107,100,7
92,55,5,1,112,94,14,1,111,104,12,1,117,102,88,4
93,42,6,2,111,81,10,2,118,104,26,3,119,118,91,4
83,59,24,8,106,83,18,9,115,108,24,3,121,100,81,4
91,59,8,3,111,82,13,2,115,112,21,5,118,111,83,0
92,62,8,2,104,78,20,3,109,115,66,2,116,101,93,3
87,51,15,3,108,87,19,3,113,89,63,7,102,109,100,7
92,51,17,4,100,72,30,5,114,94,53,5,106,108,89,2
90,44,17,3,109,90,16,4,117,101,19,3,119,106,96,3
83,63,7,2,105,72,20,2,110,104,38,4,100,97,88,4
82,47,11,3,111,81,18,3,110,109,80,7,119,113,70,7
94,45,11,3,103,93,14,3,116,99,64,2,122,110,96,18
93,47,7,2,111,78,15,5,115,116,68,7,116,104,100,1
94,37,11,2,113,88,18,4,114,109,19,2,104,109,107,4
97,54,11,1,108,59,20,5,116,99,55,1,122,110,107,25
78,48,15,8,112,80,6,2,113,106,33,3,116,108,92,8
95,60,9,3,110,84,20,6,108,101,73,11,113,106,88,29
100,58,24,2,104,79,18,1,117,104,66,4,118,111,75,10
93,67,18,8,110,87,12,5,118,97,76,5,107,118,88,21
84,63,17,4,105,92,27,2,115,101,54,2,105,106,58,8
89,57,10,4,107,93,14,2,115,104,53,5,118,115,1,3
90,41,23,5,118,63,11,3,115,99,74,1,119,105,97,11
85,52,5,4,100,95,22,3,112,105,70,2,114,111,94,13
88,55,11,6,110,86,24,4,117,101,41,3,114,105,93,3
90,59,18,4,100,85,20,3,106,100,48,3,121,108,90,8
85,50,17,2,106,79,22,5,111,86,66,6,122,119,92,3
90,50,15,1,107,68,10,8,115,93,18,6,115,117,99,10
83,56,14,3,108,99,5,2,105,110,68,12,106,117,101,6
84,64,14,4,103,84,15,4,114,100,53,7,114,118,98,5
85,53,12,5,106,93,30,3,112,106,19,2,117,0,82,5
82,43,8,1,105,80,30,6,114,105,44,3,112,107,91,3
90,63,17,1,109,82,31,3,110,100,49,3,116,110,86,11
94,55,7,5,107,68,44,10,111,106,55,5,120,94,94,1
95,61,13,2,110,63,19,4,106,90,77,6,113,108,100,5
95,54,10,2,110,75,25,5,112,107,79,2,114,120,73,4
87,49,10,4,113,76,37,3,118,102,62,3,114,103,110,11
85,53,7,4,103,81,33,5,110,97,77,5,115,112,92,14
96,61,6,2,99,66,39,1,114,105,28,8,116,119,109,5
92,53,13,1,110,95,22,2,112,101,40,5,110,113,108,16
93,50,14,8,107,69,9,3,118,95,62,8,109,106,79,15
87,54,15,6,101,85,21,2,105,102,42,3,113,114,96,11
96,57,15,3,108,87,26,4,115,106,38,3,112,115,57,12
96,46,16,3,107,82,16,7,115,104,43,10,116,108,65,3
93,63,6,3,107,94,24,4,101,93,64,2,108,117,98,11
89,54,9,1,108,91,36,2,110,99,90,2,120,117,108,29
94,58,6,4,105,95,13,5,116,107,76,3,116,107,67,3
96,64,19,9,109,95,2,2,115,90,57,1,116,116,89,29
91,58,11,6,111,96,21,5,115,103,66,3,118,108,102,2
95,46,14,2,110,72,18,2,111,99,61,3,115,112,0,3
96,50,10,2,102,81,17,12,116,104,62,4,115,107,91,4
84,57,17,5,111,74,22,1,114,109,73,3,115,117,101,11
90,38,6,7,107,97,26,10,116,105,42,4,118,95,99,2
89,51,6,2,108,88,13,1,114,111,37,3,104,103,101,3
87,57,7,3,108,83,5,7,115,101,79,1,114,103,96,22
90,52,6,2,109,80,14,2,114,93,59,3,109,117,105,12
90,63,15,2,103,93,25,4,117,95,63,3,113,114,101,21
94,53,10,5,110,76,23,10,117,103,17,7,119,101,99,24
89,63,8,4,105,80,10,1,122,100,61,3,122,99,101,9
93,58,5,2,108,82,29,4,118,101,50,2,120,100,105,4
91,55,9,3,108,90,28,3,113,107,45,2,110,116,87,12
83,58,25,3,102,84,30,2,113,105,39,4,116,114,89,23
76,41,11,4,106,86,34,5,109,93,38,5,115,108,88,4
89,62,11,2,102,89,14,6,93,106,48,5,110,106,97,3
85,59,16,5,105,62,18,3,112,106,25,2,114,111,98,14
98,56,26,2,104,69,10,2,116,91,9,5,123,104,103,21
78,67,15,2,102,92,13,4,111,93,57,5,117,111,95,21
86,38,5,4,104,82,19,4,118,97,80,8,113,117,107,21
89,52,13,2,113,94,13,4,108,102,52,9,117,104,104,1
86,52,15,1,108,80,15,6,115,107,68,4,125,113,96,2
99,54,7,2,105,74,27,5,107,109,2,3,118,111,83,3
84,67,15,5,106,84,19,2,118,81,74,11,122,104,49,13
91,57,13,3,104,93,9,3,110,87,66,5,106,111,76,4
97,53,10,2,112,86,11,4,117,111,52,3,119,103,93,2
84,68,9,4,108,103,17,3,108,96,41,5,116,116,5,11
87,59,15,3,106,92,25,3,115,102,70,0,115,102,99,30
96,61,13,5,107,51,9,5,115,99,40,3,115,114,23,5
93,55,14,6,107,81,21,2,111,104,42,6,121,96,92,0
85,49,8,3,113,80,18,2,116,87,51,9,119,105,73,2
88,58,5,9,108,96,10,4,115,111,26,5,121,108,81,9
84,57,6,2,107,86,19,3,113,97,60,4,110,104,1,4
84,60,17,4,106,93,11,3,115,104,76,6,120,103,105,7
89,54,10,3,100,84,14,9,103,104,75,5,121,74,85,26
94,54,20,4,107,72,14,4,112,99,64,2,114,108,108,18
84,54,17,2,108,84,21,4,116,110,67,3,119,98,105,1
92,58,8,4,101,95,21,6,110,112,27,5,109,93,82,8
91,59,9,2,106,97,8,5,110,109,78,3,113,105,102,3
88,62,16,3,111,94,5,5,102,99,37,9,123,112,102,20
85,55,11,5,109,78,12,3,112,108,38,5,113,85,98,3
85,53,31,8,106,94,22,3,113,106,51,4,116,106,90,11
91,50,21,3,109,80,17,2,116,103,81,5,117,119,102,15
91,45,11,5,109,86,11,3,117,109,70,5,115,111,102,12
92,53,16,5,109,96,15,3,109,111,23,2,115,116,104,0
92,60,20,9,94,86,21,4,114,104,51,7,111,113,106,16
90,59,16,5,107,85,17,4,112,110,84,7,103,117,101,11
96,49,15,4,109,90,40,1,114,105,74,4,99,113,65,10
79,48,18,4,109,86,15,5,108,95,54,3,114,116,102,28
90,51,21,3,112,88,13,7,111,98,17,1,111,113,104,2
85,42,5,2,109,61,9,2,104,104,45,3,117,115,79,5
87,47,14,5,106,91,11,2,104,94,41,3,119,106,99,7
88,59,5,3,108,84,19,2,112,112,76,4,125,112,92,36
93,55,25,2,105,84,10,1,115,106,39,4,118,108,101,8
95,48,9,5,106,90,17,4,112,103,86,2,109,107,79,1
95,57,9,3,111,95,20,8,108,103,6,3,121,97,98,19
93,65,12,3,95,72,18,5,114,99,49,1,117,111,83,23
97,52,8,2,111,91,11,5,115,96,75,3,117,115,88,4
89,51,17,2,112,88,9,4,115,107,53,4,115,118,94,16
88,46,7,1,106,99,25,5,115,105,45,1,116,111,103,11
92,53,11,2,106,86,18,1,123,81,1,4,115,111,111,6
91,63,6,4,108,73,7,1,112,113,18,5,119,111,111,39
92,68,9,4,107,90,13,2,114,100,66,4,112,114,92,2
92,54,9,6,99,88,13,2,118,106,56,2,113,105,99,4
93,58,15,2,107,80,10,6,118,107,39,5,113,110,93,5
91,54,13,2,112,88,31,3,121,88,26,5,119,107,97,15
92,52,31,2,113,88,23,1,118,109,58,1,69,112,106,1
80,46,12,2,113,84,29,1,105,101,39,4,110,109,103,9
91,50,9,4,104,81,29,2,104,109,18,4,115,96,99,5
94,55,15,2,108,94,15,5,118,109,27,6,110,110,60,28
100,53,10,2,112,94,18,3,117,107,70,2,123,108,103,6
81,51,11,7,101,86,32,3,119,98,28,2,123,114,98,4
91,71,21,3,101,89,11,1,118,109,76,3,119,113,79,4
89,64,10,4,105,82,19,5,116,104,58,5,119,118,94,6
91,52,23,2,110,96,8,3,121,110,45,3,120,117,71,2
78,39,20,5,104,78,6,3,115,107,78,6,119,46,1,3
89,67,15,1,103,92,6,3,114,111,39,11,114,105,91,6
92,57,9,8,108,88,14,1,110,103,48,3,121,106,101,3
90,53,12,3,100,95,20,3,115,103,23,4,113,111,93,14
89,62,4,6,109,75,9,3,114,113,79,5,97,113,90,3
87,57,12,4,104,86,6,2,112,101,23,4,114,115,104,17
97,57,8,8,96,90,13,5,112,95,89,2,116,110,95,8
88,58,13,2,105,88,14,4,113,99,71,1,117,102,87,13
87,48,4,8,104,89,6,1,103,106,37,4,119,107,104,19
84,47,16,4,101,92,27,2,107,110,69,4,118,109,84,10
82,58,10,3,108,92,6,2,112,93,24,7,117,115,75,21
93,55,24,2,107,94,9,7,112,102,22,1,113,90,96,12
96,49,24,5,112,90,15,4,107,95,73,8,116,99,73,2
88,58,19,6,110,51,7,1,117,101,44,3,117,102,75,5
83,61,5,7,109,94,15,2,111,92,42,1,112,104,74,9
95,44,10,2,105,91,6,2,116,94,71,2,103,102,94,4
92,58,10,1,101,87,17,8,116,108,56,3,115,108,98,20
89,55,14,1,107,80,10,5,99,103,56,2,121,109,31,1
85,70,15,6,108,90,12,3,121,95,28,8,117,105,65,5
86,38,21,2,108,84,16,3,108,111,42,4,100,117,42,6
84,57,15,4,104,84,16,2,114,111,50,1,112,120,77,5
95,54,7,8,106,92,18,3,116,105,34,6,121,99,84,6
88,60,15,2,115,91,23,10,113,106,33,1,116,110,96,4
88,61,9,6,112,83,17,8,114,103,60,5,117,114,90,8
86,64,26,8,100,81,16,3,113,108,54,2,119,110,40,1
96,58,11,2,103,87,14,2,110,98,77,4,124,110,108,5
91,61,20,5,116,56,7,5,111,104,93,2,119,108,35,13
89,51,13,11,105,81,20,1,96,105,56,8,107,106,94,2
78,51,17,9,105,87,27,2,118,98,50,9,113,114,101,19
89,47,8,2,111,73,9,4,108,90,77,4,31,116,75,3
99,52,16,4,106,86,18,5,120,110,54,3,121,84,99,4
89,67,13,3,105,83,6,7,120,103,68,5,118,112,52,4
89,64,5,4,104,88,7,2,111,107,33,2,118,97,84,7
91,48,16,3,109,78,22,3,117,104,54,2,116,110,95,31
87,52,15,7,107,81,15,3,108,109,57,4,107,93,89,9
81,60,10,3,108,73,24,4,115,106,22,2,118,101,95,17
91,65,8,3,103,85,14,2,115,105,41,5,119,116,83,8
92,38,13,2,107,80,13,5,114,105,82,2,104,108,101,4
79,59,11,5,111,82,24,5,113,99,46,1,111,110,100,5
92,45,5,6,106,89,13,4,114,116,76,4,109,106,48,22
94,58,16,3,111,80,19,10,110,110,66,3,121,97,101,19
92,50,15,2,101,77,17,3,113,103,56,6,117,118,86,14
95,55,15,2,104,85,7,6,116,87,37,4,111,113,106,2
90,52,13,2,111,76,12,3,109,104,34,5,110,114,97,2
92,49,5,2,105,80,12,7,119,110,19,1,113,119,110,6
95,46,13,1,107,92,18,3,102,102,34,6,111,106,28,2
95,65,12,2,109,96,15,7,111,100,34,1,113,116,103,39
87,51,23,7,106,78,11,4,114,109,33,4,109,108,105,10
88,57,21,6,100,88,26,6,111,111,55,4,117,114,90,11
93,58,10,1,94,80,7,4,105,104,1,8,100,111,100,5
96,59,11,5,102,87,17,1,118,104,56,6,121,109,104,7
86,52,23,5,102,82,19,6,114,105,58,6,91,121,101,22
98,60,12,1,95,97,9,2,111,104,53,3,102,113,97,7
91,61,19,3,106,78,17,3,105,110,67,10,115,113,97,2
95,61,8,3,110,89,23,11,111,90,64,2,119,107,97,4
92,49,9,2,104,64,10,6,116,101,54,3,120,102,104,14
95,42,11,3,107,84,2,3,114,94,56,6,118,107,97,4
92,50,7,3,106,78,27,8,113,110,63,1,111,104,107,5
101,48,4,3,102,92,7,4,110,96,29,2,98,95,93,28
84,52,5,6,109,81,9,4,108,97,25,3,113,109,97,6
88,59,18,2,109,85,21,1,119,110,73,3,115,106,81,2
91,53,10,2,103,90,20,2,113,97,46,4,120,106,73,4
89,56,8,3,104,90,7,3,116,110,47,1,113,117,98,4
88,50,4,6,110,92,32,6,118,107,37,5,115,98,95,2
89,58,6,2,104,84,13,3,118,106,64,3,108,50,93,9
95,60,8,5,110,85,2,4,112,104,57,2,118,115,102,12
89,60,11,3,105,75,10,3,117,101,41,4,115,108,98,4
94,48,9,1,107,84,7,14,115,105,71,1,122,117,64,15
86,60,13,16,100,90,11,2,113,100,35,4,121,116,84,5
82,60,18,4,109,86,22,5,115,103,41,4,114,113,68,3
89,66,11,2,107,94,12,1,118,108,61,5,114,110,109,6
90,58,12,2,102,88,7,2,110,103,20,3,120,117,80,1
93,54,11,2,107,85,20,2,105,109,17,4,118,106,90,5
88,45,14,4,103,88,9,3,108,102,75,5,115,107,101,3
93,59,14,3,99,97,35,5,115,113,79,2,119,107,89,16
88,67,8,3,105,96,9,2,104,90,24,3,119,113,88,2
79,53,21,1,106,95,15,1,110,109,57,4,118,91,101,18
95,49,13,2,112,91,29,6,117,105,69,4,115,106,87,42
85,61,5,4,104,76,5,3,115,89,56,9,111,100,86,10
86,61,10,4,94,84,12,3,112,106,56,4,116,19,104,12
97,53,20,3,100,73,19,4,119,109,69,6,108,115,48,19
97,49,8,5,104,83,11,2,112,107,31,4,119,113,69,31
93,49,20,5,105,84,20,3,114,90,51,3,112,99,89,3
83,65,15,7,109,98,7,3,109,101,19,3,113,102,48,11
97,52,14,5,106,85,28,2,113,99,3,5,118,105,92,11
88,62,18,1,111,81,31,2,115,102,37,7,100,110,86,11
94,59,19,3,103,88,12,1,104,103,73,1,99,113,90,12
89,61,17,3,110,91,9,4,114,85,54,3,103,116,99,7
82,45,9,2,109,87,13,2,106,94,68,1,112,110,106,8
92,41,13,2,104,74,9,1,113,98,45,4,119,113,95,2
83,57,13,5,104,94,13,2,104,92,49,3,107,110,86,4
93,67,11,3,102,77,41,3,116,110,47,3,120,106,106,6
99,51,9,9,114,88,8,4,109,112,46,4,118,119,111,1
90,60,13,2,107,90,19,5,118,113,29,1,114,115,108,6
85,63,7,5,106,96,21,10,109,106,55,4,117,105,63,12
82,60,15,5,111,65,16,5,114,109,23,5,119,115,104,5
82,54,8,4,105,80,16,6,118,110,50,5,121,92,49,5
87,53,8,4,104,92,18,7,104,109,53,6,114,115,97,5
82,54,13,5,108,93,17,3,105,107,62,5,112,108,92,7
86,56,13,3,100,75,18,4,112,105,44,6,114,113,107,8
90,51,12,1,112,101,19,2,113,114,89,4,121,116,68,8
93,58,7,4,110,90,21,2,113,81,38,6,119,114,68,2
90,50,10,7,110,100,20,6,106,105,72,2,108,112,96,4
95,51,8,1,110,87,23,1,105,107,62,5,121,116,105,6
98,37,11,5,103,87,24,3,102,102,45,1,116,116,89,5
92,57,8,5,111,92,11,5,116,105,34,3,120,99,48,47
97,52,19,3,101,82,20,3,111,97,19,3,113,108,106,2
89,50,12,5,107,87,23,2,113,100,64,1,121,111,102,3
86,60,12,4,105,89,3,6,114,110,17,5,112,106,89,10
87,58,7,3,109,85,15,3,114,95,61,6,118,117,98,11
91,43,6,2,109,85,20,5,114,98,40,14,104,102,105,25
89,50,5,4,112,88,23,1,109,93,33,7,109,110,71,1
88,38,16,3,103,94,11,13,117,83,52,4,110,117,69,4
92,50,11,9,113,78,10,2,120,102,52,3,116,103,101,26
88,61,9,5,105,88,23,2,100,116,55,3,114,110,71,7
93,63,23,3,108,90,14,4,110,101,59,2,121,112,96,2
83,62,21,3,104,90,12,7,117,109,41,4,111,106,103,16
88,51,10,1,103,75,21,1,113,106,33,6,113,95,95,7
87,50,10,2,101,91,14,4,113,101,45,2,107,87,89,6
88,65,16,3,109,76,17,4,108,105,38,1,122,112,83,2
88,55,6,8,96,62,19,7,111,90,61,6,116,114,71,2
83,50,9,1,104,88,12,2,109,109,46,4,114,112,87,1
94,51,8,2,113,84,14,4,113,102,36,4,115,111,78,3
89,62,6,2,104,101,14,2,113,107,49,11,106,111,90,4
86,56,10,3,110,79,26,3,105,111,78,2,119,109,96,7
94,44,16,2,107,80,16,4,120,97,40,6,118,111,112,17
78,64,10,6,107,98,33,1,116,99,70,9,1,101,88,9
95,56,13,2,105,81,17,2,112,94,17,3,106,117,88,8
95,57,11,2,108,90,11,2,117,105,61,1,117,119,93,2
91,64,5,2,113,84,11,5,102,110,35,9,115,116,100,11
90,61,28,5,104,74,14,4,119,106,72,2,114,114,110,6
90,58,24,2,111,85,10,2,112,112,70,3,108,93,67,1
85,53,14,5,110,63,22,1,118,100,64,10,122,114,96,6
89,61,18,4,105,94,16,6,119,106,78,2,114,106,100,0
95,66,27,5,107,96,20,3,118,106,51,3,117,90,81,4
87,56,8,4,108,86,9,3,110,106,62,2,116,107,94,2
94,53,20,3,105,89,40,5,114,107,42,9,117,106,85,8
85,46,14,3,106,84,10,2,115,97,71,1,111,117,93,4
88,45,12,8,104,93,22,7,109,101,55,6,108,119,61,2
91,51,7,3,101,75,18,3,99,95,61,4,120,103,95,6
90,55,14,5,106,95,12,2,107,109,72,3,119,106,95,4
93,60,10,3,101,96,24,7,116,110,70,10,118,113,112,7
90,50,16,3,100,86,22,2,99,102,30,17,123,113,73,9
91,57,6,3,111,81,15,3,113,90,38,5,115,100,91,12
82,45,8,4,112,74,13,6,113,100,45,4,114,108,84,10
95,42,11,4,101,100,28,8,108,110,42,6,115,115,99,3
81,53,13,7,109,75,21,3,111,95,75,2,113,109,92,1
86,60,8,3,104,84,9,5,114,106,32,4,115,105,102,11
94,50,12,3,104,86,28,3,116,106,36,7,119,100,106,2
76,58,12,3,102,91,8,2,113,106,52,6,103,107,102,2
95,50,7,2,107,86,8,2,109,100,19,3,115,112,97,12
83,68,8,4,111,72,27,2,102,103,84,5,119,103,100,17
100,51,9,5,105,86,15,4,102,102,26,1,117,114,77,12
94,43,21,6,109,93,9,1,114,103,11,6,120,114,105,4
95,56,26,2,107,90,21,1,114,95,13,5,114,100,90,5
94,59,6,3,100,90,23,3,118,91,74,3,101,116,98,3
95,54,17,2,108,85,13,3,105,109,68,1,53,109,87,11
90,55,12,3,105,94,27,2,118,110,65,3,117,108,85,7
86,58,24,3,104,85,4,2,117,108,56,6,112,109,108,12
85,47,21,3,108,80,14,3,112,93,63,4,121,108,104,4
92,55,8,3,115,91,3,3,109,102,61,2,108,108,97,14
78,50,7,2,110,75,10,5,117,104,32,9,114,107,101,4
92,56,9,5,107,97,16,4,115,95,46,9,115,68,107,4
94,60,14,3,113,74,10,2,110,112,85,2,110,84,109,11
87,48,11,3,103,74,14,1,109,100,53,9,119,107,91,2
89,65,31,3,109,82,20,5,116,106,23,4,113,113,100,10
95,63,32,3,106,78,18,4,114,100,16,3,114,113,1,2
93,45,7,5,104,80,9,3,106,112,64,2,120,111,88,3
87,41,14,2,101,89,22,2,113,100,63,4,103,115,83,1
85,57,18,1,106,82,19,9,108,92,76,5,104,112,101,2
91,54,14,2,98,94,21,5,106,104,30,6,117,113,96,2
87,50,5,5,110,81,12,5,116,96,55,4,75,109,99,8
96,60,5,2,103,91,9,4,115,103,69,9,113,111,107,5
96,52,14,3,110,79,15,8,116,102,44,4,113,113,84,3
99,64,7,3,110,85,17,4,116,106,49,2,109,109,69,4
79,57,16,3,109,96,26,2,119,110,61,3,117,115,95,6
90,55,20,3,100,83,6,2,105,106,52,12,120,116,96,9
79,66,7,2,109,76,10,3,109,107,86,5,121,98,109,14
91,59,20,2,106,81,27,5,112,108,51,3,115,104,88,21
88,54,8,3,96,88,5,4,115,105,75,2,102,100,89,4
88,58,19,3,106,95,5,1,114,104,73,4,121,108,90,16
85,62,11,7,107,84,17,1,113,93,89,2,117,111,98,1
93,59,13,2,105,91,20,2,113,84,77,6,119,98,92,19
84,48,23,4,109,80,21,4,115,98,69,3,116,110,98,3
95,47,20,3,103,86,22,3,114,100,66,6,115,116,93,6
92,51,5,4,105,92,9,3,112,102,50,4,107,116,86,6
88,52,26,3,112,87,14,8,116,101,48,8,116,116,87,3
92,56,18,2,100,91,14,6,105,105,36,6,109,112,86,13
96,50,11,2,102,85,10,1,111,103,30,2,116,110,100,2
90,58,17,6,108,88,5,2,114,92,54,1,112,106,102,2
81,57,8,6,103,89,20,7,114,108,28,4,119,109,102,1
90,63,7,9,111,91,4,3,112,99,63,4,117,110,92,8
87,56,14,2,108,54,19,2,110,105,48,6,103,109,100,5
91,49,9,8,111,96,5,3,117,109,69,3,118,106,99,20
88,44,16,5,109,99,9,2,119,107,30,5,116,114,102,2
87,50,5,3,109,67,32,3,118,111,47,1,116,108,94,12
90,51,9,3,103,85,22,5,114,91,52,3,108,116,103,8
85,46,12,8,101,85,12,2,111,99,20,5,112,113,86,5
88,42,8,2,97,79,15,1,118,106,50,5,116,112,104,5
88,57,9,3,104,87,3,1,112,93,84,4,122,112,108,11
73,52,14,2,110,92,30,6,109,108,40,4,123,111,93,2
89,65,9,5,110,72,17,3,111,93,66,2,118,113,60,11
95,52,18,3,106,90,34,5,107,112,56,3,122,111,97,1
93,57,19,2,101,90,12,3,113,111,79,2,120,114,100,10
88,62,14,1,106,76,21,3,118,108,30,3,115,116,95,11
86,59,16,7,97,89,10,4,117,108,67,3,119,107,105,2
96,70,5,5,100,70,7,2,113,98,91,0,115,112,89,7
86,43,9,3,102,74,15,3,113,99,52,6,124,107,88,6
91,43,5,2,107,85,18,1,110,112,27,4,95,112,91,5
88,53,19,7,109,81,15,2,118,107,24,3,107,114,109,5
91,61,19,3,106,81,14,4,111,112,59,6,116,110,92,15
87,49,7,3,104,101,25,4,107,90,84,4,119,110,86,6
90,69,11,1,109,64,28,2,114,104,62,2,113,117,93,2
94,50,10,2,106,90,18,4,115,103,86,1,113,106,99,2
100,45,22,3,107,90,10,4,118,107,31,4,122,112,95,11
94,59,21,1,104,79,16,4,114,105,16,2,111,98,102,25
90,50,7,4,106,90,11,5,107,102,51,1,117,116,101,9
89,49,10,2,110,82,10,2,116,108,24,1,116,72,93,3
83,49,18,8,104,72,10,5,116,98,60,2,114,106,53,9
86,36,16,4,108,81,32,2,110,106,42,3,118,98,97,8
92,72,10,1,110,80,29,4,114,95,17,2,122,112,108,1
92,57,12,6,112,89,16,8,114,103,41,4,115,108,82,32
85,51,10,1,107,91,32,3,106,98,38,2,121,115,99,10
93,51,14,3,103,76,9,5,118,108,43,2,113,115,74,7
90,56,7,2,113,73,21,3,111,103,66,2,106,76,84,1
96,44,9,7,110,86,11,6,110,102,39,3,119,113,108,6
92,56,6,7,97,87,14,3,112,106,36,2,112,101,93,10
95,57,5,1,109,77,15,5,117,98,61,3,112,113,105,7
90,60,9,3,111,70,9,4,113,104,56,1,113,114,1,5
89,54,9,3,107,96,15,1,116,109,49,2,110,112,34,13
93,54,13,2,111,92,12,6,116,98,57,4,118,103,92,6
97,72,12,6,106,92,18,4,117,94,65,3,115,110,96,3
87,63,15,4,102,56,12,3,114,104,21,2,118,113,85,4
81,64,4,3,108,92,19,1,114,90,31,4,94,112,101,4
91,61,10,2,106,87,8,4,110,105,9,1,121,109,84,8
81,58,12,2,104,98,15,1,104,105,11,3,119,116,99,2
97,58,14,4,105,88,24,2,114,100,68,4,120,111,85,1
96,58,8,2,113,94,18,4,113,110,33,4,116,117,89,5
90,56,11,5,98,88,22,2,112,100,56,3,111,108,42,2
85,53,18,3,103,98,28,3,110,104,18,4,110,115,24,4
86,54,17,11,92,76,18,1,110,109,43,4,118,103,107,3
82,54,17,2,103,100,13,5,113,108,35,6,117,113,35,1
85,52,16,3,107,92,13,1,109,104,66,2,112,114,70,12
90,47,10,1,97,91,13,8,106,112,63,3,121,102,101,18
92,55,25,5,105,76,7,6,110,107,70,3,119,109,92,2
82,64,4,4,112,88,25,3,111,96,18,6,120,113,96,26
94,47,4,1,104,76,17,2,110,103,49,2,112,115,46,5
93,58,12,2,105,91,17,4,112,89,53,6,119,106,97,50
90,55,18,2,109,93,26,3,115,112,61,2,116,110,114,23
91,67,15,2,105,80,19,5,116,82,58,1,107,95,99,2
89,54,8,3,109,82,15,2,117,89,65,1,113,110,99,5
89,52,8,4,97,87,16,3,114,105,76,2,111,108,67,11
91,61,23,3,111,86,19,1,120,106,51,4,116,101,74,24
88,51,11,4,101,76,7,4,116,98,51,6,117,114,99,7
88,55,6,1,108,88,14,4,116,101,76,2,119,119,104,3
92,54,12,1,112,102,23,4,115,107,25,6,114,99,97,17
93,53,15,3,110,98,10,3,115,107,47,1,110,109,102,11
81,60,20,4,111,83,38,3,116,101,46,6,118,105,96,4
77,61,8,3,112,95,16,3,111,110,54,4,120,105,90,4
91,52,10,5,107,81,30,3,116,99,55,3,103,114,105,6
96,56,8,3,111,88,7,2,110,104,41,2,118,106,80,6
83,49,8,4,107,76,13,2,113,100,41,4,107,79,102,15
84,60,4,6,112,81,13,8,113,99,49,1,108,111,6,8
86,58,15,2,107,96,17,3,111,97,72,9,120,100,104,8
83,50,11,4,105,83,8,3,109,107,56,1,118,105,70,9
84,59,8,2,108,87,10,1,113,104,31,5,118,113,74,15
88,55,18,5,101,89,13,4,113,106,47,1,117,94,42,3
93,57,9,4,100,91,25,4,112,110,26,4,118,119,95,2
96,58,6,1,104,81,8,1,113,92,60,4,119,110,79,5
93,47,10,3,112,82,22,3,113,105,53,2,113,112,97,2
90,64,9,5,104,77,19,3,116,104,50,4,115,105,88,6
102,57,11,3,112,77,33,6,122,104,73,3,119,114,92,6
97,63,14,6,110,84,28,2,117,108,36,5,114,116,103,19
75,53,9,7,93,93,11,2,110,115,63,2,116,103,99,2
89,53,14,1,107,93,28,1,117,107,60,3,116,103,92,5
90,42,11,6,110,82,6,1,112,106,39,7,121,119,99,11
84,60,9,5,108,94,11,5,114,99,44,12,112,112,96,12
87,64,13,2,103,77,32,4,119,101,23,6,116,109,111,6
98,55,9,4,107,96,23,1,112,103,57,7,119,98,106,4
89,40,20,1,104,84,13,1,111,95,34,4,101,110,92,1
89,41,13,1,110,70,9,1,117,91,58,5,116,104,96,44
98,52,14,3,105,83,10,2,113,107,14,1,93,109,87,4
94,41,19,3,106,88,17,4,117,106,56,2,107,118,80,4
91,62,6,4,102,86,17,2,116,100,45,12,92,103,59,2
79,44,6,9,108,83,15,3,113,105,46,2,121,106,100,6
92,47,15,2,101,86,20,2,117,105,45,6,117,95,70,9
87,63,16,2,100,92,15,4,110,101,49,6,120,110,80,3
93,53,11,3,105,84,26,3,102,101,73,4,108,114,83,8
96,58,23,2,108,92,26,2,116,110,44,13,116,118,107,2
93,49,5,2,113,83,21,2,110,98,39,1,110,115,60,6
89,59,12,5,106,89,51,3,112,104,54,3,107,111,92,37
91,49,11,5,108,87,27,7,113,104,68,3,116,106,98,13
85,50,20,2,108,79,21,3,113,110,48,5,117,104,6,6
91,52,14,6,111,97,19,4,106,103,49,3,111,114,30,12
90,50,12,4,109,75,24,4,113,95,29,6,110,115,88,22
90,38,15,5,104,81,19,6,114,108,36,2,121,99,83,15
84,58,20,4,107,82,11,4,116,108,63,3,119,114,112,3
96,54,4,6,104,83,18,5,107,97,66,4,108,113,89,3
91,50,9,1,107,91,13,2,117,107,48,4,113,114,103,4
90,56,15,5,94,73,14,10,113,107,74,3,113,102,98,16
87,49,17,3,110,86,14,2,110,101,54,3,118,108,94,4
91,52,10,4,107,87,12,7,109,110,75,4,113,114,104,3
83,50,8,3,85,78,39,4,115,102,84,2,118,106,97,1
89,51,9,1,101,91,19,2,112,95,84,10,119,118,93,7
98,41,11,2,110,87,16,10,116,108,16,4,114,114,80,15
92,35,12,4,101,83,11,4,113,108,45,1,120,108,91,16
89,59,19,3,98,93,27,2,102,111,35,3,117,107,105,16
91,64,5,6,112,78,13,5,111,101,17,5,111,104,99,6
89,55,14,2,112,85,12,13,109,100,56,10,116,113,75,0
88,48,16,3,107,74,18,6,114,99,56,3,116,118,91,2
91,45,13,6,101,98,26,2,111,103,58,1,112,114,101,9
94,51,4,1,98,89,35,4,115,109,39,3,116,113,93,13
89,61,11,3,108,90,5,4,108,92,25,3,116,107,91,3
91,60,25,4,109,87,13,1,116,107,31,2,115,112,84,14
88,46,14,7,109,98,23,3,103,108,38,2,117,108,95,9
86,53,10,3,108,91,21,3,113,115,39,2,114,108,31,13
90,57,24,3,100,86,11,3,115,107,67,1,120,119,98,5
90,50,16,3,110,80,14,1,115,99,65,2,117,116,106,2
92,51,10,4,113,78,7,3,111,111,8,4,120,95,112,5
85,61,20,3,105,92,6,2,103,92,62,5,117,119,64,6
95,61,7,3,108,87,20,6,112,105,62,2,113,113,100,12
89,54,9,3,111,90,28,5,115,112,33,3,113,66,106,8
84,59,11,3,106,84,38,11,114,104,77,6,122,101,70,2
96,48,9,4,107,91,13,3,114,101,31,7,118,120,91,9
85,51,20,2,98,96,24,2,116,107,20,2,110,111,35,16
85,59,15,4,111,89,11,3,117,102,35,1,111,115,101,4
98,37,3,3,107,87,12,2,114,76,50,5,115,116,68,5
87,52,10,6,111,82,17,2,120,113,76,3,119,113,83,5
87,45,14,5,98,81,15,2,109,103,61,4,123,106,92,4
91,58,18,6,105,73,14,4,114,97,14,2,115,108,78,2
90,59,14,6,103,102,10,3,111,98,83,6,121,109,88,3
91,53,18,2,100,76,11,4,115,107,55,2,115,110,70,8
86,60,6,9,115,91,12,3,113,107,49,2,119,107,95,11
89,47,28,10,111,75,41,3,100,86,36,2,113,111,92,5
91,60,5,1,101,93,10,3,111,94,26,7,119,66,102,15
78,53,7,1,110,90,21,7,102,104,55,3,119,114,97,7
94,47,25,4,113,93,15,3,114,104,20,11,118,103,105,5
90,48,13,2,103,92,18,2,104,114,25,3,119,109,101,3
91,54,8,2,105,75,26,3,115,110,44,5,117,78,64,13
99,41,6,3,102,77,12,3,106,104,46,4,113,114,87,16
79,51,9,8,110,75,28,1,109,108,73,4,123,95,102,4
95,53,5,5,112,94,24,4,116,101,53,4,121,107,98,9
88,67,19,3,101,70,17,3,117,100,72,7,108,106,94,9
93,56,12,5,110,81,14,3,112,103,63,3,110,110,101,7
92,59,12,4,109,92,12,1,116,90,63,6,115,105,94,17
91,62,15,8,105,86,42,3,114,103,42,8,113,116,104,17
93,64,12,4,111,81,3,1,110,105,71,2,116,113,101,6
92,54,6,5,101,101,12,2,113,102,54,2,108,117,100,14
92,53,13,4,108,87,13,5,103,109,42,3,120,115,104,6
88,55,8,4,113,88,16,3,115,101,41,2,119,113,85,12
87,47,8,2,110,84,6,3,119,84,27,4,113,98,93,3
91,60,17,6,106,86,18,5,119,110,73,2,121,106,89,5
83,57,12,2,106,84,12,2,112,105,71,5,122,117,100,2
84,49,16,3,106,95,28,3,110,104,54,3,117,102,98,2
96,48,11,4,98,93,41,3,116,103,37,4,94,114,79,4
89,47,9,2,110,95,8,3,112,105,40,1,115,111,94,7
90,60,19,2,106,75,17,5,104,106,59,2,115,104,103,5
92,54,16,4,107,84,9,7,113,108,65,2,109,106,80,2
89,51,7,8,99,90,27,2,113,99,56,3,115,102,85,10
87,62,8,3,110,83,16,3,117,105,49,2,119,107,90,1
96,53,33,3,98,70,8,3,117,105,57,3,94,112,99,4
93,52,15,2,99,95,23,1,119,108,39,5,109,115,107,17
96,59,7,1,109,77,11,8,108,99,55,8,111,115,90,15
89,47,13,3,106,96,23,1,115,95,42,3,117,98,76,16
98,35,14,2,105,87,11,7,105,102,20,5,119,79,92,48
87,45,15,10,101,91,7,3,116,97,59,4,114,102,103,4
84,61,11,3,109,80,41,2,111,97,81,4,115,114,101,5
85,57,6,2,107,79,25,6,114,109,27,3,111,108,97,14
86,49,9,3,103,93,23,3,105,113,49,4,119,117,94,29
94,57,15,1,107,47,19,1,117,106,67,2,115,106,94,6
94,52,10,3,104,98,22,3,114,106,64,6,123,95,104,4
94,61,4,4,111,68,9,7,108,98,44,4,111,113,67,7
87,43,24,6,113,83,17,2,116,108,57,7,121,116,96,3
89,56,16,5,99,84,18,4,114,104,30,3,121,107,98,5
94,60,10,4,104,93,22,4,111,97,89,2,114,109,56,1
96,59,8,1,94,81,16,3,115,113,49,4,118,104,105,12
93,58,10,4,111,84,8,2,117,107,42,2,103,108,107,7
96,59,21,2,111,92,17,7,110,106,25,3,114,115,104,2
88,55,8,2,109,73,13,3,118,110,60,3,105,101,55,4
85,50,14,1,107,78,15,4,109,101,53,3,119,110,47,10
92,56,5,5,100,80,18,2,113,92,6,4,112,109,113,3
91,52,7,2,107,87,11,1,114,100,21,3,111,113,96,4
89,48,16,2,105,78,34,0,121,110,80,3,121,113,107,18
92,58,8,4,115,86,14,5,109,95,54,3,118,111,91,4
97,56,5,2,110,99,30,3,113,87,78,7,110,105,92,18
98,58,8,4,106,90,11,11,115,102,60,3,118,114,100,4
91,58,5,3,109,83,23,1,108,90,34,1,120,114,99,29
96,46,14,1,107,86,16,3,117,103,67,1,121,111,113,2
90,44,12,3,110,87,6,3,111,106,64,4,120,111,98,9
87,60,18,5,104,93,14,4,108,97,81,5,116,108,102,9
90,53,25,6,107,93,26,1,118,92,16,4,110,110,83,2
89,53,6,3,110,89,22,2,110,102,67,2,115,118,109,15
86,58,6,7,108,94,16,2,112,105,36,3,112,98,89,5
95,56,11,6,107,85,19,3,112,102,52,2,119,117,102,1
96,55,13,2,112,83,10,2,113,99,31,11,117,103,70,4
90,56,9,3,108,84,27,6,118,107,71,3,57,92,103,21
90,57,11,2,104,75,20,3,110,95,76,9,112,106,104,3
103,48,14,4,108,89,18,2,107,103,47,3,117,112,99,10
89,56,18,3,107,89,15,2,106,105,46,2,119,107,103,3
92,44,22,1,108,90,19,2,110,102,42,2,117,114,83,2
92,65,6,4,102,94,6,6,111,102,66,1,109,114,60,11
90,66,8,1,108,95,26,5,119,105,73,3,114,109,97,11
90,49,13,4,114,95,17,3,103,99,72,3,114,106,35,21
82,55,19,5,112,89,5,5,114,104,46,9,108,111,81,4
84,45,11,4,110,93,18,4,114,89,41,2,121,109,92,2
99,60,10,2,98,82,11,2,119,107,30,2,115,102,32,13
85,43,9,2,104,96,22,4,121,109,54,4,122,114,105,4
83,60,13,4,106,90,20,3,115,103,75,6,120,101,103,4
88,49,7,3,108,85,18,3,113,105,61,5,111,103,97,18
87,58,11,1,110,87,15,5,100,103,47,1,118,86,101,8
96,55,9,4,106,87,16,3,114,104,75,4,113,95,106,13
94,59,6,2,106,73,26,3,110,101,39,5,119,99,100,8
84,44,11,4,106,90,19,4,106,100,41,7,119,99,94,5
95,64,30,6,110,87,7,7,114,106,35,6,118,110,96,2
86,46,16,2,104,83,12,3,113,106,53,4,115,102,94,42
90,59,26,3,108,85,19,2,105,88,76,2,115,117,90,27
87,64,20,2,106,93,22,3,112,102,71,3,118,112,39,16
83,49,24,3,108,83,19,5,110,95,72,1,107,103,92,5
91,52,17,4,104,80,32,3,115,111,49,4,114,114,106,6
89,55,9,3,103,85,16,6,112,96,48,11,114,97,92,1
93,50,15,2,109,55,9,7,108,101,60,5,108,116,102,16
89,55,21,3,109,93,36,3,110,104,47,2,113,118,69,8
95,58,10,4,106,98,22,3,116,103,46,3,117,111,79,4
95,39,19,4,100,81,11,4,112,94,32,2,111,117,112,4
81,43,10,4,102,94,18,1,108,95,77,4,121,114,96,2
91,54,22,2,108,88,25,4,114,97,78,5,110,111,75,5
81,46,8,3,107,88,10,2,113,108,27,2,111,98,96,4
88,58,4,4,111,85,12,2,112,98,81,2,108,113,110,10
92,39,10,4,114,92,25,6,116,94,56,2,119,113,103,8
88,47,7,3,108,82,12,2,114,107,53,2,116,117,78,20
93,44,19,3,112,61,14,6,114,105,71,6,112,109,79,3
80,28,26,3,107,86,7,2,111,105,49,4,121,108,99,8
75,60,12,9,112,92,12,4,118,102,24,6,120,111,39,8
89,52,16,2,108,59,19,2,109,95,99,2,120,97,95,12
89,59,14,4,110,87,12,2,112,112,49,1,124,98,103,14
81,56,13,5,106,103,21,2,107,95,35,6,117,94,81,6
95,60,21,3,99,75,20,2,106,102,51,3,120,94,103,5
94,53,11,2,104,76,18,1,106,113,56,4,113,107,91,1
99,49,19,1,103,94,8,8,113,102,56,14,86,109,84,38
92,54,21,4,114,89,14,3,120,107,72,3,123,112,94,12
90,56,25,10,106,75,12,2,120,103,32,4,121,108,103,3
83,52,17,7,109,94,22,2,114,109,75,4,115,116,109,1
81,55,8,2,113,88,14,2,115,92,12,6,116,81,31,8
90,59,4,6,102,89,10,5,107,91,83,5,115,106,92,35
89,52,20,4,106,84,7,12,112,109,11,3,108,100,104,5
91,63,25,4,109,75,24,3,122,90,53,3,113,118,75,2
97,51,17,3,100,87,12,2,114,111,72,4,118,112,97,1
98,46,9,5,108,83,13,2,116,116,49,13,117,115,94,16
90,64,10,2,109,81,4,4,111,99,33,1,114,109,105,3
97,51,9,2,107,71,18,7,115,100,49,5,105,104,84,2
89,52,12,2,110,92,20,3,119,94,22,3,112,102,97,1
97,59,11,1,109,86,22,1,116,92,33,3,117,116,110,3
91,59,13,2,109,85,9,7,110,109,20,1,115,112,92,2
86,61,13,1,99,85,13,5,118,102,46,2,114,106,60,1
95,49,14,6,107,88,3,1,113,104,81,7,115,119,96,13
96,56,14,5,105,80,14,5,110,101,49,2,115,117,85,14
87,67,10,2,108,79,9,2,108,104,3,2,119,108,105,21
89,40,13,3,104,98,8,5,116,102,50,1,119,104,90,11
87,64,7,5,108,80,15,2,111,103,61,3,119,112,92,7
93,56,18,4,112,72,24,4,113,103,74,5,116,120,90,4
93,51,11,5,108,84,22,3,116,104,56,3,107,91,83,3
90,57,19,2,107,86,15,2,104,105,41,1,116,76,103,2
94,48,10,5,109,80,8,2,111,87,58,7,117,106,98,4
88,53,10,2,108,90,16,2,112,109,41,2,121,104,106,1
90,40,10,5,108,76,18,7,118,103,62,1,122,114,94,4
94,55,14,2,110,83,28,5,107,109,76,2,104,105,103,1
87,45,13,4,108,88,19,2,105,110,55,1,113,116,90,6
95,56,26,9,107,99,25,2,115,98,24,2,120,112,92,1
96,46,13,4,104,88,15,2,109,98,52,1,116,102,95,2
98,57,6,4,108,93,24,1,117,102,39,8,117,108,95,6
83,40,14,3,111,88,29,4,107,102,33,3,111,109,103,36
90,56,14,4,109,93,11,2,114,112,30,15,91,105,96,4
89,58,20,3,110,90,19,2,108,106,65,5,115,114,112,1
96,53,22,1,98,83,21,8,114,82,63,3,111,100,114,10
81,57,7,7,106,87,34,6,119,107,62,1,115,113,98,4
85,45,5,3,104,87,22,2,116,107,39,10,106,107,113,9
95,60,18,2,102,88,19,4,114,96,64,3,119,105,100,12
88,43,6,3,93,90,9,3,115,111,27,7,104,94,95,22
86,52,7,2,106,87,12,7,104,94,47,2,123,109,84,3
89,43,9,1,108,86,11,4,104,103,48,4,115,108,103,5
